מים,,,
יין אורז,,,
מלח גס,,,
מלח לימון,,,
מלח,,,
פירורי לחם,,,
לחם,,,
אגוז מוסקט,,,
אגוז מלך,אגוזי מלך,,
אגוז לוז,אגוזי לוז,,
אגוז ברזיל,אגוזי ברזיל,,
אבקת סוכר,,,
פיתות,,,
פריכיות אורז,,,
איטריות אורז,,,
אורז,,,
פסטה,,,
פתיתים,,,
איטריות ביצים,,,
איטריות,אטריות,נודלס,
בורגול,,,
קוסקוס,,,
קמח תופח,,,
קמח חומוס,,,
קמח כוסמין,,,
קמח תירס,,,
קמח,,,
סולת,,,
אבקת אפיה,אבקת אפייה,,
סוכר וניל,,,
סוכר,,,
גרגירי חומוס,,,
חומוס,,,
עדשים,,,
תירס גמדי,,,
תירס,,,
שעועית אדומה,,,
שעועית ירוקה,,,
שעועית שחורה,,,
שעועית,,,
תה,,,
פולי קפה,,,
קפה שחור,,,
קפה,,,
סירופ שוקולד,,,
ממרך שוקולד,נוטלה,שחר,
שוקולד מריר,,,
שוקולד חלב,,,
שוקולד לבן,,,
שוקולד,,,
ריבה,ריבת,,
דבש,,,
טחינה,,,
קקאו,,,
אבקת מרק,,,
עוגיות,,,
פירות יבשים,,,
וופל,,,
עוף שלם,,,
חזה עוף,,,
כרעיים,,,
כנפיים,,,
כבד,כבדים,,
חזה הודו,,,
בשר טחון,,,
שניצל,,,
לבבות,,,
פרגית,,,
עופיון,,,
פילה עוף,,,
עוף טחון,חזה עוף טחון,,
שוקיים,פולקע,,
יריכיים,,,
גרונות,,,
קורקבנים ,,,
ורד הצלע,אנטריקוט,,
צלעות,,,
חזה בקר,ברוסט,,
צלי כתף,צלי,,
כתף בקר,כתף,כתף מרכזי,
פילה מדומה,פאלש,,
שריר הזרוע,פולן,,
קשתית,שפונדרה,,
צוואר,,,
סינטה,מותן,,
פילה,,,
שייטל,כנף העוקץ,,
אווזית,קאצ'ה,קאצה,
ויסבראטן ,ראש ירכה ,,
צ'אק,ירכה,צאק,
פלדה,כסליים ,,
שריר אחורי,פולי ,,
דניס,,,
בורי,,,
מוסר ים,,,
לברק,,,
בר ים,,,
מרמיר,,,
סרגוסים,,,
ברבוניות,,,
בס,,,
סלמון,,,
לוקוס שחור,,,
לוקוס,לוקוס לבן,,
לוקוס סלע,,,
פלמידה לבן,,,
איילת ים,חזיר ים,,
אינטיאס,,,
פלמידה שחורה,,,
טונה טרי,,,
שרימפס,,,
קלמרי,,,
תמנון,,,
אמנון,מושט,,
ברמונדי,,,
פורל,,,
נסיכת הנילוס,,,
סרדינים,,,
סיבס,,,
קרפיון,,,
פרידה,,,
מליטה,,,
נקניק,,,
נקנקיה,נקנקיות,,
מלאווח,,,
אפונה,,,
פול,,,
בצק עלים,,,
ביצים,חלמון,חלבון,
חמאת בוטנים,,,
חמאה,,,
מרגרינה,,,
גבינה צהובה,,,
גבינה לבנה,סקי,,
קממבר,,,
גבינה צפתית,,,
רוקפור,,,
מוצרלה,,,
אמנטל,,,
פטה,,,
בולגרית,,,
קוטג',קוטג,,
גבינת שמנת,,,
גורגונזולה,,,
גאודה,,,
צ'דר,צדר,,
ברי,,,
מנצ'גו,מנצגו,,
פרמזן,פרמז'ן,,
כרובית,,,
כרוב סגול,,,
כרוב,,,
בירה,,,
יין אדום,,,
יין לבן,,,
יין,,,
שמן זית,,,
שמן,,,
חומץ,,,
מלפפון חמוץ,מלפפונים חמוצים,,
מלפפון,מלפפונים,,
רסק עגבניות,רוטב עגבניות,,
שומר,,,
עגבניה ,עגבניות,עגבנייה,עבנייה
תפוח,תפוחים,,
אגס,אגסים,,
תפוח אדמה,תפוחי אדמה,"תפו""א",
בצל ירוק,,,
בצלצל,בצל שאלוט,,
בצל,בצלים,,
מיץ לימון,,,
לימון,לימונים,,
גמבה,פלפלת,,
פלפל לבן,,,
פלפל שחור,פלפל אנגלי,,
פלפל אדום,,,
פלפל ירוק,,,
פלפל,פלפלים,,
גזר גמדי,,,
גזר,,,
בטטה,בטטות,,
עלי סלק,מנגולד,,
סלק,,,
קישוא,זוקיני,,
דלורית,,,
בננה,,,
חציל,חצילים,,
דלעת,,,
תפוז סיני,,,
תפוז,תפוזים,,
קלמנטינה ,קלמנטינות,,
אשכולית,,,
צנון,,,
לפת,,,
קולורבי,,,
אבקת שום,,,
שום,,,
אבוקדו,,,
עגבניות משומרות,,,
קיווי,,,
אפרסק,,,
שזיף,,,
אבטיח,,,
ענבים,,,
מלון,,,
מנגו,,,
חסה,,,
סלרי,כרפס,,
פטריות שמפניון,,,
פטריות פורטובלו,,,
פטריות שיטאקי,,,
כמהין,,,
פטריות,פטריה,פטרייה,
זית שחור,זיתים שחורים,,
זית ירוק,זיתים ירוקים,,
זית,זיתים,,
טונה,,,
מיונז,,,
קטשופ,,,
חרדל,,,
פיסטוק,,,
קשיו,,,
צנובר,,,
פקאן,,,
בוטנים,,,
ערמונים,,,
מקדמיה,,,
שקד,,,
פירות יער,פטל,גרגרי יער,אוכמניות
מנדרינה,,,
ברוקולי,,,
זנגביל,ג'ינג'ר,גינגר,
סרטן,סרטנים,,
שמרים,,,
סודה,,,
מח עצם,,,
מח,מוח,,
סויה,,,
טריאקי,,,
רוטב צ'ילי,רוטב צילי,,
בלסמי,,,
יוגורט,,,
עלי רוקט,,,
תרד,,,
עלי בייבי,,,
פטרוזיליה,,,
כוסברה,ברה,,
נענע,,,
שמיר,,,
מסקרפונה,,,
גבינה מותכת,,,
גבינת עזים,,,
שמנת חמוצה,,,
שמנת מתוקה,שמנת להקצפה,,
שמנת לבישול,,,
שמנת,,,
תותים,,,
גבינת קשקבל,,,
בצק,,,
ביסקוויטים,פתי בר,,
בישקוט,,,
פפריקה,,,
גריל עוף,,,
לחמניות,,,
אורגנו,,,
אזובית,,,
ארוגולה ,,,
בזיליקום,,,
הל,,,
זעפרן,,,
חילבה,,,
טרגון,,,
טימין,,,
כורכום,,,
כמון,,,
קימל,כרוויה,,
מרצפן,,,
מי ורדים,,,
תמצית וניל,,,
חלבה,,,
מייס,,,
עלי דפנה,,,
פרג,,,
ציפורן,,,
צ'ילי,צילי,,
קארי,,,
קינמון,,,
קמומיל,,,
רוזמרין,,,
שומשום,,,
קצפת,,,
מרווה,,,
וניל,,,
תמצית שקד,,,
סוכריות,,,
רוטב מירין,,,
אספרגוס,,,
פולים ירוקים,,,
תפוציפס,,,
זעתר,,,
בוטרגו,,,
לציטין,,,
ליים,,,
עלי גפן,,,
סילאן,,,
שיבולת שועל,קוואקר,,
וודקה,,,
ויסקי,וויסקי,,
ברנדי,,,
לוטוס,,,
קינואה,,,
כרישה,,,
אצה,,,
ערק,,,
אניס,,,
דובדבנים,דובדבן,,
קולה,,,
שערות קדאיף,,,
פומלה,,,
פומלית,,,
אינסטנט פודינג,,,
פודינג,,,
שוקולית,,,
מרשמלו,,,
בייגלה,,,
בצק פילו,,,
תמר,,,
אננס,,,
חלב קוקוס,,,
חלב שקדים,,,
חלב סויה,,,
חלב,,,
קוקוס,,,
קצח,,,
בגט,,,
גלידה,,,
חזה אווז,,,
ביצי שליו,,,
כבד אווז,,,
אווז,,,
קורנפלקס,,,
טופו,,,
טופי,,,
רום,,,
מייפל,,,
צנונית,,,
גבינת חמד,,,
חלומי,,,
חרובים,,,
ארטישוק ירושלמי,בטטה קסביה,,
בהרט,,,
רימון,,,
חמוציות,,,
אדממה,,,
טורטיה,,,
ברביקיו,,,
פסטו,,,
אריסה,,,
סחוג,,,
מרציפן,,,
